oral:communication;storage:media:and:networks;0.999211;
oral:communication;conversation;0.999198;
oral:communication;large:database;0.999630;
oral:communication;information:retrieval:techniques;0.999641;
oral:communication;histogram;Computed;
storage:media:and:networks;oral:communication;0.999211;
storage:media:and:networks;conversation;0.999115;
storage:media:and:networks;large:database;0.999453;
storage:media:and:networks;information:retrieval:techniques;0.999513;
storage:media:and:networks;histogram;Computed;
storage:media:and:networks;keywords;Computed;
conversation;oral:communication;0.999198;
conversation;storage:media:and:networks;0.999115;
conversation;large:database;0.999198;
conversation;information:retrieval:techniques;0.999429;
conversation;histogram;Computed;
conversation;keywords;Computed;
conversation;document:representation;0.999183;
large:database;oral:communication;0.999630;
large:database;storage:media:and:networks;0.999453;
large:database;conversation;0.999198;
large:database;information:retrieval:techniques;0.999779;
large:database;histogram;Computed;
large:database;keywords;Computed;
large:database;document:representation;0.999679;
large:database;oral:communication;0.999630;
information:retrieval:techniques;oral:communication;0.999641;
information:retrieval:techniques;storage:media:and:networks;0.999513;
information:retrieval:techniques;conversation;0.999429;
information:retrieval:techniques;large:database;0.999779;
information:retrieval:techniques;histogram;Computed;
information:retrieval:techniques;keywords;Computed;
information:retrieval:techniques;document:representation;0.999716;
information:retrieval:techniques;oral:communication;0.999641;
information:retrieval:techniques;indices;Computed;
histogram;oral:communication;Computed;
histogram;storage:media:and:networks;Computed;
histogram;conversation;Computed;
histogram;large:database;Computed;
histogram;information:retrieval:techniques;Computed;
histogram;keywords;Computed;
histogram;document:representation;Computed;
histogram;oral:communication;Computed;
histogram;indices;Computed;
histogram;index;Computed;
keywords;storage:media:and:networks;Computed;
keywords;conversation;Computed;
keywords;large:database;Computed;
keywords;information:retrieval:techniques;Computed;
keywords;histogram;Computed;
keywords;document:representation;Computed;
keywords;oral:communication;Computed;
keywords;indices;Computed;
keywords;index;Computed;
keywords;automatic:detection;Computed;
document:representation;conversation;0.999183;
document:representation;large:database;0.999679;
document:representation;information:retrieval:techniques;0.999716;
document:representation;histogram;Computed;
document:representation;keywords;Computed;
document:representation;oral:communication;0.999570;
document:representation;indices;Computed;
document:representation;index;Computed;
document:representation;automatic:detection;0.999670;
document:representation;database;0.999628;
oral:communication;large:database;0.999630;
oral:communication;information:retrieval:techniques;0.999641;
oral:communication;histogram;Computed;
oral:communication;keywords;Computed;
oral:communication;document:representation;0.999570;
oral:communication;indices;Computed;
oral:communication;index;Computed;
oral:communication;automatic:detection;0.999540;
oral:communication;database;0.999563;
oral:communication;database;0.999563;
indices;information:retrieval:techniques;Computed;
indices;histogram;Computed;
indices;keywords;Computed;
indices;document:representation;Computed;
indices;oral:communication;Computed;
indices;index;Computed;
indices;automatic:detection;Computed;
indices;database;Computed;
indices;database;Computed;
indices;tv:shows;Computed;
index;histogram;Computed;
index;keywords;Computed;
index;document:representation;Computed;
index;oral:communication;Computed;
index;indices;Computed;
index;automatic:detection;Computed;
index;database;Computed;
index;database;Computed;
index;tv:shows;Computed;
index;emotions;Computed;
automatic:detection;keywords;Computed;
automatic:detection;document:representation;0.999670;
automatic:detection;oral:communication;0.999540;
automatic:detection;indices;Computed;
automatic:detection;index;Computed;
automatic:detection;database;0.999683;
automatic:detection;database;0.999683;
automatic:detection;tv:shows;0.999590;
automatic:detection;emotions;Computed;
automatic:detection;indices;Computed;
database;document:representation;0.999628;
database;oral:communication;0.999563;
database;indices;Computed;
database;index;Computed;
database;automatic:detection;0.999683;
database;database;1.000000;
database;tv:shows;0.999438;
database;emotions;Computed;
database;indices;Computed;
database;dominance:distribution:of:speakers;0.999313;
database;oral:communication;0.999563;
database;indices;Computed;
database;index;Computed;
database;automatic:detection;0.999683;
database;database;1.000000;
database;tv:shows;0.999438;
database;emotions;Computed;
database;indices;Computed;
database;dominance:distribution:of:speakers;0.999313;
database;surface;0.998971;
tv:shows;indices;Computed;
tv:shows;index;Computed;
tv:shows;automatic:detection;0.999590;
tv:shows;database;0.999438;
tv:shows;database;0.999438;
tv:shows;emotions;Computed;
tv:shows;indices;Computed;
tv:shows;dominance:distribution:of:speakers;0.999526;
tv:shows;surface;0.998570;
tv:shows;databases;Computed;
emotions;index;Computed;
emotions;automatic:detection;Computed;
emotions;database;Computed;
emotions;database;Computed;
emotions;tv:shows;Computed;
emotions;indices;Computed;
emotions;dominance:distribution:of:speakers;Computed;
emotions;surface;Computed;
emotions;databases;Computed;
emotions;indices;Computed;
indices;automatic:detection;Computed;
indices;database;Computed;
indices;database;Computed;
indices;tv:shows;Computed;
indices;emotions;Computed;
indices;dominance:distribution:of:speakers;Computed;
indices;surface;Computed;
indices;databases;Computed;
indices;indices;Computed;
dominance:distribution:of:speakers;database;0.999313;
dominance:distribution:of:speakers;database;0.999313;
dominance:distribution:of:speakers;tv:shows;0.999526;
dominance:distribution:of:speakers;emotions;Computed;
dominance:distribution:of:speakers;indices;Computed;
dominance:distribution:of:speakers;surface;0.998516;
dominance:distribution:of:speakers;databases;Computed;
dominance:distribution:of:speakers;indices;Computed;
surface;database;0.998971;
surface;tv:shows;0.998570;
surface;emotions;Computed;
surface;indices;Computed;
surface;dominance:distribution:of:speakers;0.998516;
surface;databases;Computed;
surface;indices;Computed;
databases;tv:shows;Computed;
databases;emotions;Computed;
databases;indices;Computed;
databases;dominance:distribution:of:speakers;Computed;
databases;surface;Computed;
databases;indices;Computed;
indices;emotions;Computed;
indices;indices;Computed;
indices;dominance:distribution:of:speakers;Computed;
indices;surface;Computed;
indices;databases;Computed;
